Course,SLO,Question_ID,Question_Text,Option_A,Option_B,Option_C,Option_D,Option_E,Correct_Answer
ACCT200,LO1,Q1ACCT200LO1:C,Which of the following describes the primary objective of the balance sheet?,To measure the net income of a business up to a particular point in time.,To report the difference between cash inflows and cash outflows for the period.,To report the financial position of the business at a particular point in time.,"To report the market value of assets, liabilities, and stockholders' equity at a particular point in time.",,C
ACCT200,LO1,Q2ACCT200LO1:C,Which financial statement would you use to determine a company's earnings performance during an accounting period?,Balance sheet.,Statement of stockholders' equity.,Income statement.,Statement of cash flows.,,C
ACCT200,LO1,Q3ACCT200LO1:C,Which of the following transactions increases both cash and net income?,Cash receipts from a bank loan.,Cash receipts from sale of common stock.,Cash receipts from customers for services provided.,Cash receipts from cost of goods sold.,,C
ACCT200,LO2,Q1ACCT200LO2:B,"Which of the following statements is false when Mama June Pizza Company paid $47,000 cash on accounts owed to suppliers?","Cash decreased by $47,000.","Supplies expense increased by $47,000.","Accounts payable decreased by $47,000.",Operating income was not changed by the payment to suppliers.,,B
ACCT200,LO2,Q2ACCT200LO2:B,Which of the following is a requirement of the revenue recognition principle?,The delivery of goods or performance of service has been scheduled.,The delivery of goods or performance of service has been completed.,The customer has signed a contract.,The customer has paid for the goods or services.,,B
ACCT200,LO2,Q3ACCT200LO2:B,"Naomi's Printing Shop had the following information for office supplies: • Ordered $1,200 of supplies March 3 • Received the order of supplies on March 16 • Used one-third of the received supplies during March What is the total amount that should be reported as supplies expense for the month of March?",$0,$400,$800,"$1,200",,B
ACCT200,LO3,Q1ACCT200LO3:A,Which of the following best describes the goal of internal controls?,Improving the accuracy and the reliability of financial information.,Ensuring the business is profitable.,Enhancing the health of employees.,Ensuring the compliance with tax regulations.,,A
ACCT200,LO3,Q2ACCT200LO3:A,Separation of duties refers to:,Individuals who have physical responsibility for assets should not also have access to accounting records.,Making each manager personally responsible for his/her department.,Keeping functions across different departments separate.,Preventing top management and lower-level employees from interacting.,,A
ACCT200,LO3,Q3ACCT200LO3:A,"When preparing a bank reconciliation, a deposit outstanding (in transit) would be:",Added to the bank's cash balance.,Added to the company's cash balance.,Subtracted from the company's cash balance.,Subtracted from the bank's cash balance.,,A
ACCT200,LO4,Q1ACCT200LO4:B,"Brad’s BBQ purchased a piece of equipment by paying $5,000 cash. Brad’s also incurred a shipping cost of $400 to get the equipment to the factory. The fair value of this equipment is $7,000. For what amount should Brad’s BBQ record the equipment","$5,000","$5,400","$7,000","$7,400",,B
ACCT200,LO4,Q2ACCT200LO4:B,Which of the following statements is true about depreciation:,Depreciation is recorded so the accounting records show the fair value of an asset.,Depreciation is a non-cash expense.,Depreciation is calculated for all long-term assets.,None of the other answers is correct.,,B
ACCT200,LO4,Q3ACCT200LO4:B,"A machine has a cost of $15,000, an estimated residual value of $3,000, and an estimated useful life of four years. The machine is being depreciated on a straight-line basis. At the end of the second year, what amount will be reported for accumulated depreciation?","$3,000","$6,000","$7,500","$9,000",,B
ACCT200,LO5,Q1ACCT200LO5:D,The cash collection from the sale of a good or service is classified in the statement of cash flows as a(n):,Investing activity.,Financing activity.,Noncash activity.,Operating activity.,,D
ACCT200,LO5,Q2ACCT200LO5:D,The payment of salaries is classified in the statement of cash flows as a(n):,Investing activity.,Financing activity.,Noncash activity.,Operating activity.,,D
ACCT200,LO5,Q3ACCT200LO5:D,Cash received from issuing common stock would be classified in which section of the Statement of Cash Flows?,Not shown in the Statement of Cash Flows.,Investing.,Operating.,Financing.,,D
ACCT201,LO1,Q1ACCT201LO1:C,"Bellamy Corporation sells its product for $250 per unit. Variable expenses are $100 per unit, and fixed costs are $350,000 per year. How would Bellamy calculate the number of units it needs to sell to earn a profit of $125,000?","($350,000 - $125,000) ÷ ($250 - $100)","($350,000 + $125,000) ÷ $250","($350,000 + $125,000) ÷ ($250 - $150)","$350,000 ÷ ($250 - $100)",None of the other answers is correct.,C
ACCT201,LO1,Q2ACCT201LO1:C,"Bellamy Corporation sells its product for $250 per unit. Variable expenses are $100 per unit, and fixed costs are $350,000 per year. What is Bellamy’s break-even point in revenue dollars, rounded to the nearest dollar?","$291,667","$350,000","$583,333","$875,000",None of the other answers is correct.,C
ACCT201,LO1,Q3ACCT201LO1:C,"Bellamy Corporation sells its product for $250 per unit. Variable expenses are $100 per unit, and fixed costs are $350,000 per year. How much would operating income change if sales increased by 100 units, with everything else staying the same?","Operating income would increase by $10,000","Operating income would increase by $25,000","Operating income would increase by $15,000",There is not enough information to answer the question.,None of the other answers is correct.,C
ACCT201,LO2,Q1ACCT201LO2:A,"Honeybear Corporation usually sells product A90 for $25 each. Honeybear has received a request for a special order of 6,000 units of product A90 for $21.20 each. Product A90's normal product cost is $16.20 per unit, determined as follows: Cost Amount per unit Direct Materials $6.10 Direct labor $4.20 Variable manufacturing overhead $2.30 Fixed manufacturing overhead $3.60 Total $16.20 The customer would like modifications made to product A90 that would increase the direct material costs by $3.00 per unit. The modifications would also require an investment of $21,000 in special molds that would have no value other than for this special order. Direct labor is a variable cost. The special order would have no effect on the company's total fixed manufacturing overhead. The company has enough spare capacity for the special order. Which one of the following costs would NOT be relevant to Honeybear’s decision whether to accept the special order?",Regular selling price of $25 per unit,Special selling price of $21.20 per unit,Direct materials of $6.10 per unit,Direct labor of $4.20 per unit,None of the other answers is correct.,A
ACCT201,LO2,Q2ACCT201LO2:A,"Honeybear Corporation usually sells product A90 for $25 each. Honeybear has received a request for a special order of 6,000 units of product A90 for $21.20 each. Product A90's normal product cost is $16.20 per unit, determined as follows: Cost Amount per unit Direct Materials $6.10 Direct labor $4.20 Variable manufacturing overhead $2.30 Fixed manufacturing overhead $3.60 Total $16.20 The customer would like modifications made to product A90 that would increase the direct material costs by $3.00 per unit. The modifications would also require an investment of $21,000 in special molds that would have no value other than for this special order. Direct labor is a variable cost. The special order would have no effect on the company's total fixed manufacturing overhead. The company has enough spare capacity for the special order. Which one of the following costs would NOT be relevant to Honeybear’s decision whether to accept the special order?",Fixed manufacturing overhead of $3.60 per unit,Variable manufacturing overhead of $2.30 per unit,Additional direct materials of $3.00 per unit,"Special molds of $21,000",None of the other answers is correct.,A
ACCT201,LO2,Q3ACCT201LO2:A,"Honeybear Corporation usually sells product A90 for $25 each. Honeybear has received a request for a special order of 6,000 units of product A90 for $21.20 each. Product A90's normal product cost is $16.20 per unit, determined as follows: Cost Amount per unit Direct Materials $6.10 Direct labor $4.20 Variable manufacturing overhead $2.30 Fixed manufacturing overhead $3.60 Total $16.20 The customer would like modifications made to product A90 that would increase the direct material costs by $3.00 per unit. The modifications would also require an investment of $21,000 in special molds that would have no value other than for this special order. Direct labor is a variable cost. The special order would have no effect on the company's total fixed manufacturing overhead. The company has enough spare capacity for the special order. If Honeybear did not have enough spare capacity for the special order, how would its break-even price for this order change?",The break-even price would increase.,The break-even price would decrease.,The break-even price would not change.,There is not enough information to answer the question.,None of the other answers is correct.,A
ACCT201,LO3,Q1ACCT201LO3:D,"When applying manufacturing overhead to products, the formula to calculate the amount is as follows:",Predetermined overhead rate divided by the actual manufacturing overhead incurred on the product.,Predetermined overhead rate times the actual manufacturing overhead incurred on the product.,Predetermined overhead rate divided by the actual units of allocation base used by the product.,Predetermined overhead rate times the actual units of allocation base used by the product.,None of the above answers is correct.,D
ACCT201,LO3,Q2ACCT201LO3:D,"If a company uses “normal costing,” total manufacturing cost is:",Manufacturing overhead cost applied.,Direct materials cost plus direct labor cost.,Direct materials cost plus direct labor cost plus actual manufacturing overhead cost incurred.,Direct materials cost plus direct labor cost plus manufacturing overhead applied.,None of the above answers is correct.,D
ACCT201,LO3,Q3ACCT201LO3:D,Indirect costs:,are always variable costs.,are always fixed costs.,should not be allocated to cost objects.,cannot be cheaply and easily traced to a cost object.,None of the above answers is correct.,D
ACCT201,LO4,Q1ACCT201LO4:B,Budgeted production needs are determined by:,budgeted sales plus beginning inventory minus desired ending inventory,budgeted sales plus desired ending inventory minus beginning inventory,budgeted sales plus desired ending inventory,budgeted sales minus beginning inventory,None of the above answers is correct.,B
ACCT201,LO4,Q2ACCT201LO4:B,"A company has $100,000 in revenue in January and $120,000 of revenue in February. The company typically collects 60% of its sales in the same month the goods were sold, and 40% in the month after they were sold. How much cash would the company expect to collect in February?","$108,000","$112,000","$120,000",There is not enough information to answer the question.,None of the above answers is correct.,B
ACCT201,LO4,Q3ACCT201LO4:B,Which of the following budgets is usually prepared first?,Cash budget,Sales budget,Purchases budget,Flexible budget,None of the above answers is correct.,B
ACCT201,LO5,Q1ACCT201LO5:A,Return on investment (ROI) is a widely used metric for investment centers. What is one of the limitations of using ROI?,ROI may motivate managers to make suboptimal decisions from the standpoint of the organization as a whole.,ROI cannot compare differences in risk across different divisions.,ROI ignores the amount of capital invested in a division.,ROI cannot be used to compare the performance of units of different size.,None of the above answers is correct.,A
ACCT201,LO5,Q2ACCT201LO5:A,Which of the following is the calculation for return on investment (ROI)?,Net operating income divided by operating assets,Net operating income divided by sales revenue,Operating assets divided by net operating income,Sales revenue divided by operating assets,None of the above answers is correct.,A
ACCT201,LO5,Q3ACCT201LO5:A,A flexible budget:,is used to calculate variances.,is prepared before the static or planning budget.,is another name for the income statement.,is adjusted to actual selling prices.,None of the above answers is correct.,A
BAIS210,LO1,Q1BAIS210LO1:C,"Using the histogram below, determine which measure is the most appropriate when discussing the “average” purchase amount per transaction?",The mean is the better representation of the average because it is the numerical average of all points.,The standard deviation indicates that neither the mean nor the median are acceptable for measuring the average of the data.,The median is the better representation of the average because the distribution is skewed to the right.,The mean is the better representation of the average because the distribution is skewed to the right.,,C
BAIS210,LO1,Q2BAIS210LO1:C,Which of the following statements about variance is true?,Variance is a measure of central tendency.,Variance is less sensitive to outliers compared to the mean.,Variance measures how spread out the data points are from the mean.,Variance is expressed in the same units as the data.,,C
BAIS210,LO1,Q3BAIS210LO1:C,"There are three individuals at a meeting with ages 45, 46, and 47. If a 65-year-old walks into the room:",The mean age and standard deviation will stay the same.,"The mean age will stay the same, but the standard deviation will increase.",The mean age and standard deviation will increase.,"The mean age will increase, but the standard deviation will stay the same.",,C
BAIS210,LO2,Q1BAIS210LO2:B,The fact that the sampling distribution of the sample means can be approximated by a normal probability distribution whenever the sample size is large is based on the _____.,normal probability theorem.,central limit theorem.,assumption that the population has a normal distribution.,fact that there are tables of areas for the normal distribution.,,B
BAIS210,LO2,Q2BAIS210LO2:B,The purpose of statistical inference is to provide information about the _____.,population based upon information contained in the population.,population based upon information contained in the sample.,sample based upon information contained in the population.,mean of the sample based upon the mean of the population.,,B
BAIS210,LO2,Q3BAIS210LO2:B,Which of the following is not correct?,"The standard error of the mean decreases as the sample size, n increases.",Sample statistics provide us with an approximate value of the population parameter.,The sampling distribution of the mean is a distribution of sample statistics.,The sampling distribution of the mean is approximately normal.,,B
BAIS210,LO3,Q1BAIS210LO3:A,The value added and subtracted from a point estimate in order to develop a confidence interval of the population parameter is known as the:,margin or error.,sample size.,sample statistic.,confidence level.,,A
BAIS210,LO3,Q2BAIS210LO3:A,"The manager of an automobile dealership is considering a new bonus plan in order to increase sales. Currently, the mean sales rate per salesperson is five automobiles per month. The correct set of hypotheses for testing the effect of the bonus plan is _____.",H0: μ≤ 5 Ha: μ> 5,H0: μ≥ 5 Ha: μ< 5,H0: μ< 5 Ha: μ≥ 5,H0: μ> 5 Ha: μ≤ 5,,A
BAIS210,LO3,Q3BAIS210LO3:A,"In a hypothesis test, if the p-value is very small (e.g. p < 0.05), what does this typically indicate?",There is sufficient evidence to reject the null hypothesis.,There is insufficient evidence to reject the null hypothesis.,The test should be repeated with a larger sample size.,The test should be repeated with a smaller sample size.,,A
BAIS211,LO1,Q1BAIS211LO1:D,Which of the following is not a type of descriptive analytics:,Data Queries,Data Visualization,Data Dashboard,Data Integrity,,D
BAIS211,LO1,Q2BAIS211LO1:D,"Using the provided variables for a dataset, a Pivot Table will not work for which scenario? Gender Grade Level Study Hours/Week Screen Time/Week Political Preference College Major Expected College Debt",Analyze the gender difference in screen time per week.,Calculate the average study time by college major.,Determine the average college debt by political preference for only juniors.,Determine if there is a correlation between study hours/week and college debt.,,D
BAIS211,LO1,Q3BAIS211LO1:D,Consider the clustered bar chart of the dashboard developed to monitor the performance of a call center: This chart allows the IT manager to:,Identify which city contains the most customers.,Identify the percentage of customers who do not have one of the listed problems.,Identify how often a problem is related to hardware.,Identify the frequency of a particular type of problem by location.,,D
BAIS211,LO2,Q1BAIS211LO2:B,The type of analytics that uses statistics and modeling techniques to determine future performance based on current and historical data:,Descriptive Analytics,Predictive Analytics,Prescriptive Analytics,Business Analytics,,B
BAIS211,LO2,Q2BAIS211LO2:B,"Dixie Showtime Movie Theaters, Inc., owns and operates a chain of cinemas in several markets in the southern U.S. The owners would like to estimate weekly gross revenue as a function of advertising expenditures (in $100s). The following is a regression modeling the relationship: The coefficient for Newspaper Advertising, β2 can be interpreted as:","For an increase of $100 to newspaper advertising, we can expect gross revenue to decrease $1,934, holding television advertising constant.","For an increase of $100 to newspaper advertising, we can expect gross revenue to increase $1,943, holding television advertising constant.","For an expenditure of $0 to newspaper advertising, we can expect gross revenue to decrease $46.","For an increase of $100 to newspaper advertising, we can expect television advertising to increase $2,324.",,B
BAIS211,LO2,Q3BAIS211LO2:B,"Dixie Showtime Movie Theaters, Inc., owns and operates a chain of cinemas in several markets in the southern U.S. The owners would like to estimate weekly gross revenue as a function of advertising expenditures (in $100s). The following is a regression modeling the relationship: The p-value for Newspaper Advertising suggests (with α = .05)","We reject the hypothesis that β2 = 0. Therefore, we cannot conclude there is a significant relationship between Newspaper Advertising and gross revenue.","We reject the hypothesis that β2 = 0. Therefore, we can conclude there is a significant relationship between Newspaper Advertising and gross revenue.","We fail to reject the hypothesis that β2 = 0. Therefore, we can conclude there is a significant relationship between Newspaper Advertising and gross revenue.","We fail to reject the hypothesis that β2 = 0. Therefore, we cannot conclude there is a significant relationship between Newspaper Advertising and gross revenue.",,B
BAIS211,LO3,Q1BAIS211LO3:D,"A type of prescriptive analytics, called optimization, is all of the following except:",It finds an optimal solution by searching the extreme points of the feasible region.,It can be used to support and improve managerial decision making.,It maximizes or minimizes an objective function subject to a set of constraints.,"It quantifies, describes, or summarizes features of a set of data.",,D
BAIS211,LO3,Q2BAIS211LO3:D,In which type of situation would What-If analysis not be appropriate?,You would like to compare different production alternatives to see which would be most profitable.,You want to determine when it would be cheaper to produce or outsource (make or buy decision).,"You want to calculate the cost for producing different quantities of products, given fixed and variable costs.","You want to create a model to predict the price of a house based on variables such as square footage, number of bedrooms and bathrooms, and location.",,D
BAIS211,LO3,Q3BAIS211LO3:D,Consider the following excerpts from an optimization model and its corresponding solver answer report:,Non-negativity constraints should be used in this model.,The Fat Totals constraint is considered a binding slack variable because all of the available Fat Totals have been used in finding the optimal solution.,The Carbs Totals constraint is considered a surplus variable and a non-binding constraint because the optimal solution uses approximately 71 Carbs more than the required minimum of 90.,All of the above.,,D
BAIS220,LO1,Q1BAIS220LO1:A,"To quickly summarize columns of data on an Excel sheet using aggregate functions such as AVERAGE, MIN, MAX, and SUM, you would:",insert a pivot table.,insert a table.,record a macro.,apply a conditional format.,,A
BAIS220,LO1,Q2BAIS220LO1:A,"In Excel, the function that looks for a value in the leftmost column of a table, and then returns a value in the same row from a column you specify is known as:",VLOOKUP,PIVOT TABLE,QUERY,INDEX,,A
BAIS220,LO1,Q3BAIS220LO1:A,"In Excel, a cell with dollar signs in the column and/or row reference (such as =$A$1) is used to:",keep the cell reference from changing when copied or when using an autofill.,compare the value in two cells.,compute the absolute value of a cell.,designate a cell in currency format.,,A
BAIS220,LO2,Q1BAIS220LO2:B,An organized collection of data stored efficiently to retrieve when needed for operational and strategic decision-making is:,An Excel workbook,A database,A Google form,A data lake,,B
BAIS220,LO2,Q2BAIS220LO2:B,Which of the following fields would you select as the Primary Key of a relational database table?,LastName,StudentID,Major,Tuition,,B
BAIS220,LO2,Q3BAIS220LO2:B,"In Excel, to compute the number of cells within a range that meet a given condition (such as the number of cells equal to zero in column A), you would use the following function:",IF,COUNTIF,VLOOKUP,HLOOKUP,,B
BAIS220,LO3,Q1BAIS220LO3:D,Which of the following chart types would be most appropriate to show the Average Salary by Department within an organization?,Pie Chart,Line Chart,Scatter Plot,Column or Bar Chart,,D
BAIS220,LO3,Q2BAIS220LO3:D,"In Excel, if you wish to copy and paste a range of data to a new workbook that retains the contents of the cells but without the functions, formulas, cell references, etc, you would use a:",Paste & Transpose,Format Painter,Match Destination Format,Paste Values,,D
BAIS220,LO3,Q3BAIS220LO3:D,"In the worksheet below, in order to sort the data by ""Unit Price"", the following range should be selected:",A:G,A3:G13,A1:E13,A3:E12,,D
BAIS302,LO1,Q1BAIS302LO1:E,"In Operations Management, which of the following is a characteristic that differentiates services from goods?",production and consumption occur simultaneously,cannot be inventoried,high customer contact,quality heavily influenced by customer personal perception,All of the above,E
BAIS302,LO1,Q2BAIS302LO1:E,Operations management is applicable:,to the manufacturing sector exclusively.,mostly to the manufacturing sector.,to the service sector exclusively.,mostly to the service sector.,"to all firms, whether manufacturing or service.",E
BAIS302,LO1,Q3BAIS302LO1:E,Which of the following represents a reason for globalizing operations?,to improve the supply chain,to improve operations,to understand markets,to attract and retain global talent,all of the above,E
BAIS302,LO2,Q1BAIS302LO2:B,"In quality management, which of the following means making continuous improvement?",JIT,Kaizen,Kyoto,Pareto,Muda,B
BAIS302,LO2,Q2BAIS302LO2:B,"Fabricators, Inc. wants to increase capacity by adding a new machine. The fixed costs for machine A are $90,000, and its variable cost is $15 per unit. The revenue is $21 per unit. What is the break-even point for machine A?","$15,000","15,000 units","$90,000","90,000 units","4,286 units",B
BAIS302,LO2,Q3BAIS302LO2:B,"A Subway restaurant employs 3 employees to serve customers in a sequential process. The first employee accepts order and prepares the bread (3 minutes per order), the second makes the sandwich (2 minutes per order), and the last employee accepts payment (3 minutes per order). What is the bottleneck time for this service process?",2 minutes,3 minutes,5 minutes,8 minutes,None of the above,B
BAIS302,LO3,Q1BAIS302LO3:C,"What quality control tool resembles a ""fishbone?""",Checklists,Scatter diagrams,Cause-and-effect diagrams,Pareto analysis,Flowcharts,C
BAIS302,LO3,Q2BAIS302LO3:C,"When facing uncertain demand, extra inventory carried to help reduce stockout is called:",Reorder point,Just-in-time inventory,Safety inventory,Wasted inventory,EOQ,C
BAIS302,LO3,Q3BAIS302LO3:C,"In inventory management, which of the following refers to how much we should order every time to minimize the annual inventory costs (ordering cost and holding cost)?",Reorder point,Just-in-time inventory,EOQ,MRP,Leadtime,C
BLAW300,LO1,Q1BLAWLO1:C,"Bill owns a small pizza parlor by himself, and isn’t incorporated. While he is the sole owner of the pizza place, it has many cooks, waiters, and waitresses to help him run the daily operations. Last week, a family had dinner at Bill’s pizza place and all received food poisoning. A jury awarded the family $300,000 for medical bills, $100,000 for pain and suffering and $100,000 for punitive damages. What is Bill’s possible liability?","Bill is not responsible, because he isn’t the one that cooked the food.","Bill is only responsible for the amount he paid for the pizza parlor (around $150,000).","Bill is responsible for paying the full amount of $500,000 (medical, pain and suffering and punitive damages.)","Bill is responsible for only paying the $300,000 medical bills of the family.",,C
BLAW300,LO1,Q2BLAWLO1:C,"In a limited partnership, limited partners are:",Always personally liable for all of the debts of the partnership.,"Permitted to be involved in control and operations of the limited partnership, without losing their limited liability.","As long as they are passive investors, not personally liable, and their liability will typically NOT exceed the amount of their investment.","The same as regular partners, carrying all the same attributes.",,C
BLAW300,LO1,Q3BLAWLO1:C,"Jack and Jill want to create some type of company and are trying to decide which organizational form would be best for them. If they weren’t concerned about taxes, but wanted their business to have perpetual existence, limited personal liability and allow their ownership interest to be easily distributed among shareholders, what form should they choose?",Sole proprietorship,Partnership,C Corporation,Limited Partnership,,C
BLAW300,LO2,Q1BLAWLO2:D,"Contract law requires certain contracts to be in writing, to be enforceable. Which of the following contracts does NOT have to be in writing?",Contracts involving an interest in land.,Sale of good contracts for $500 or more.,Collateral contracts to pay the debt of another person.,All of these contracts must be in writing.,,D
BLAW300,LO2,Q2BLAWLO2:D,The difference between a bilateral contract and a unilateral contract is:,There is no difference between these two terms.,"A bilateral contract involves two separate contracts, each one with its own separate consideration, and a unilateral contract involves one.",You accept a bilateral contract by performing a duty and a unilateral contract by promising to perform a duty.,You accept a bilateral contract by promising to perform a duty and a unilateral contract by performing a duty.,,D
BLAW300,LO2,Q3BLAWLO2:D,"ABC, Inc. agreed to sell XYZ, Inc. 1 million boxes of widgets at $1 a box. ABC, Inc. delivered the widgets to XYZ, Inc., who refused to pay. ABC, Inc. brought a breach of contract case against XYZ, Inc. Which of the following elements of a contract must ABC, Inc. prove in order to demonstrate to the court that a valid, enforceable contract existed:","offer, acceptance, consideration, capacity, and remedy.","offer, consideration, capacity, legality, and the statute of frauds.","acceptance, consideration, capacity, legality, and performance.","offer, acceptance, consideration, capacity, and legality of purpose.",,D
BLAW300,LO3,Q1BLAWLO3:D,Which of the following is NOT an essential element of negligence?,Existence of a duty of care owed by the defendant to the plaintiff.,Unreasonable behavior by the defendant that breaches the duty.,Proximate (or in fact) causation and an actual injury.,All of these are essential elements of negligence.,,D
BLAW300,LO3,Q2BLAWLO3:D,What is the difference between punitive damages and compensatory damages?,"Compensatory damages are limited to $250,000 per person. Punitive damages are limited to $1,000,000 per person. These amounts were mandated by the Uniform Torts Act (UTA).","Compensatory damages make an example of the defendant, while punitive damages reimburse for injuries suffered by the plaintiff.",Compensatory damages are only awarded for negligence. Punitive damages are only awarded for strict liability claims.,"Punitive damages make an example of the defendant, while compensatory damages reimburse for injuries suffered by the plaintiff.",,D
BLAW300,LO3,Q3BLAWLO3:D,"Mary sues ABC, Inc. under the law of product liability. Which of the following is a true statement:",A design defect in a product occurs during the manufacturing or production phase of the product.,Strict liability for unreasonably dangerous products is called Negligence.,Only a manufacturer of a defective product can be held liable under product liability law.,A defective product is a product that is unreasonably dangerous to the consumer.,,D
BLAW300,LO4,Q1BLAWLO4:D,Which of the following is a true statement:,The United States Constitution creates three branches of government at the federal level: executive; legislative; and judicial.,"Under the doctrine of Judicial Review, the judiciary is the guardian of the United States Constitution and can review laws or executive actions and declare them unconstitutional.",Judicial Restraint and Judicial Activism are two different philosophies a judge may use to interpret the law.,All of these statements are true.,,D
BLAW300,LO4,Q2BLAWLO4:D,A court ruled in a judicial decision that it must rely upon and follow precedent. This is called:,The doctrine of judicial review.,The doctrine of jurisprudence.,The doctrine of respondent superior.,The doctrine of stare decisis.,,D
BLAW300,LO4,Q3BLAWLO4:D,In the United States legal system:,The United States Constitution is the highest source of law.,Both federal and state courts exist to hear and decide cases.,"In both the federal and state court systems, appeals courts exist to review trial courts' decisions.",All of these statements are true.,,D
BLAW300,LO5,Q1BLAWLO5:A,"Delltrix Corp., a customer support provider, needs operators who are bilingual in English and Spanish. A few applicants of Spanish origin are rejected because of their poor English language proficiency. The applicants file a disparate impact case with the Equal Employment Opportunity Commission against Delltrix on the grounds of discrimination based on nationality. Which of the following defenses is Delltrix most likely to use in this case?",The business necessity defense.,The defense of undue hardship.,The comparative negligence defense.,The assumption-of-risk defense.,,A
BLAW300,LO5,Q2BLAWLO5:A,"GVB Inc., a consulting firm, hires Zainab, who is a Muslim. In order to avoid discriminating against Zainab based on her religion, GVB:",Must make reasonable accommodation to her religious needs.,Must do whatever it takes in order to avoid any discussion on the topic of religion.,Must make work-related adjustments to suit her religious needs even if they create undue hardship.,Need not accommodate her religious needs as religious discrimination suits only apply to religious corporations.,,A
BLAW300,LO5,Q3BLAWLO5:A,The Americans with Disabilities Act:,"Requires employers with 15 or more employees to make a reasonable accommodation for covered employees, up to an undue hardship","Requires employers with over 500 employees to use all methods and techniques to accommodate employees with disabilities, irrespective of cost.","Puts a dollar limit on reasonable accommodations for any employer at $1,000 per employee.","Was enacted in 1943, as an acknowledgement of Franklin Roosevelt’s physical disabilities, but remarkable “abilities” to lead our nation out of a depression.",,A
ECON200,LO1,Q1ECON200LO1:D,Opportunity cost is best defined as:,"A cost that cannot be avoided, regardless of what is done in the future.",The additional cost of producing an additional unit of output.,The additional cost of buying an additional unit of a product.,"That which we forgo, or give up, when we make a choice or a decision.",,D
ECON200,LO1,Q2ECON200LO1:D,Profit-maximizing firms choose quantities such that:,Total revenue is maximized.,Price is greater than their average total cost.,The average total cost is minimized.,The marginal revenue from sales equals the marginal cost of production.,,D
ECON200,LO1,Q3ECON200LO1:D,"According to the law of demand, quantity demanded increases as__________, ceteris paribus.",demand increases,demand decreases,prices rise,prices fall,,D
ECON200,LO2,Q1ECON200LO2:C,"If price increases in a market, but more consumers purchase the product, which of the following is a possible cause?","Supply increased, ceteris paribus.","Supply decreased, ceteris paribus.","Demand increased, ceteris paribus.","Demand decreased, ceteris paribus",,C
ECON200,LO2,Q2ECON200LO2:C,When quantity demanded equals quantity supplied:,there must be no government intervention in the market.,the demand curve must be the same as the supply curve.,the market is in equilibrium.,all of the above.,,C
ECON200,LO2,Q3ECON200LO2:C,"When there is an excess demand (i.e., a shortage) of a product in an unregulated market, the tendency is for:",quantity supplied to decrease.,quantity demanded to increase.,price to rise.,price to decrease.,,C
ECON200,LO3,Q1ECON200LO3:A,"If the government places an excise tax on the buyers in the market below, which of the following is true?","The buyers and sellers, depending their relative elasticities, share the burden of the tax.",The burden of the tax falls on the buyers since they are the side of the market upon whom the tax is levied.,The burden of the tax falls on the sellers since they will collect the tax on the buyers’ behalf.,The government will be burdened most as they are tasked with collecting the tax.,,A
ECON200,LO3,Q2ECON200LO3:A,The loss in consumer and producer surplus caused by the inability of the market to reach equilibrium is called:,Deadweight loss.,Fixed costs.,Diminishing product of labor.,Opportunity cost.,,A
ECON200,LO3,Q3ECON200LO3:A,Imperfect competition and market power:,are major sources of inefficiency.,result in higher output than in perfect competition.,are always the result of product differentiation.,result from diseconomies of scale.,,A
ECON201,LO1,Q1ECON201LO1:A,Nominal GDP rises faster than real GDP when _____.,prices are rising.,prices are falling.,real GDP is below potential GDP.,real GDP is above potential GDP.,,A
ECON201,LO1,Q2ECON201LO1:A,Cyclical unemployment is closely associated with ______.,short-run ups and downs of the economy.,long-term economic growth.,fluctuations in the natural rate of unemployment.,changes in the minimum wage.,,A
ECON201,LO1,Q3ECON201LO1:A,Inflation is best defined as an increase in ______.,the average price level.,the real price of a good or service.,the price of one product relative to the price of another product.,the average number of times a dollar is spent on final goods and services in a year.,,A
ECON201,LO2,Q1ECON201LO2:D,Suppose that an economy is in short run equilibrium at an output level below potential GDP. To achieve potential GDP the Federal Reserve could ______.,increase taxes.,increase government purchases.,sell treasury securities to increase the money supply.,buy government securities to increase money supply.,,D
ECON201,LO2,Q2ECON201LO2:D,"Ceteris paribus, an increase in government spending would ______.","shift the aggregate demand curve left, which causes GDP to decrease.","shift the aggregate supply curve left, which causes GDP to decrease.","shift the aggregate supply curve right, which causes GDP to increase.","shift the aggregate demand curve right, which causes GDP to increase.",,D
ECON201,LO2,Q3ECON201LO2:D,Assume the government is considering different policies to increase total expenditures in order to reduce unemployment. Which of the following would achieve this objective?,Decreasing taxes.,Increasing government spending.,Increasing transfer payments.,All of the above are correct.,,D
ECON300,LO1,Q1ECON300LO1:B,One consideration when thinking of business cultures across countries is:,they generally have no basis in fact,"in every society, many people will follow the norms, but others will deviate from them",they will always lead you down the wrong path in managing people and marketing,each person closely follows his or her country’s cultural norms,,B
ECON300,LO1,Q2ECON300LO1:B,Cross-cultural literacy refers to,An individual’s self-concept envied from perceived membership in a relevant social group,An understanding of how cultural differences can affect business,The phenomenon of merging and converging cultures,"Abstract ideas about what a group believes to be good, right, and desirable",,B
ECON300,LO1,Q3ECON300LO1:B,"When you propose a contract to individuals from a high context country like Japan, they are more likely to:",tell you exactly what they like and do not like about the proposal,be offended by an open rejection to a counter-offer they may propose,provide more explicit oral cues than non-explicit or non-oral cues,want to get right down to business rather than develop a relationship with you,,B
ECON300,LO2,Q1ECON300LO2:C,"Resources Required to Produce 1 Ton Food Textiles Israel 15 20 Jordan 10 4 In the above example,",the countries will not engage in trade,Israel exports textiles and in return for Jordanian food,Israel exports food in return for Jordanian textiles,Israel exports both goods,,C
ECON300,LO2,Q2ECON300LO2:C,A U.S. tariff on imports of TVs will:,increase U.S. consumption of a good,reduce U.S. production of TVs,increase the domestic price of TVs,make U.S. TV consumers better off,,C
ECON300,LO2,Q3ECON300LO2:C,Import quotas,hurt domestic producers but benefit domestic consumers,hurt both domestic producers and domestic consumers,benefit domestic producers but hurt domestic consumers,benefit both domestic producers and domestic consumers,,C
ECON300,LO3,Q1ECON300LO3:C,"Porter's suggested four attributes making up the ""diamond"" consist of factor endowments, relating and supporting industries, firm strategy and structure, and ________.",capitalism,mercantilism,demand conditions,competitive advantage,,C
ECON300,LO3,Q2ECON300LO3:C,A firm is more likely to engage in foreign direct investment when,Transportation costs to a country are lower,Production does not involve secret know-how,"The firm needs tight control over manufacturing, marketing and strategy",The firm’s special capabilities can be easily adopted by other firms,,C
ECON300,LO3,Q3ECON300LO3:C,"Hansen produces high quality bonding for metallurgy companies. Its success depends on hands-on highly technical and high quality production in close contact with their clients. Hansen has decided that selling in Europe will be lucrative, but (1) the venture is going to be costly, and it does not have deep financial pockets, and (2) it has no network of contacts with the European manufacturers who would be its customers. There are a number of European companies that are similar, though not identical, to Hansen. Given this information, their best strategy for entry appears to be:",Licensing their technique to a European firm,Setting up a wholly-owned venture in Europe,Setting up a joint venture with a European firm,Exporting to Europe,,C
ECON300,LO4,Q1ECON300LO4:A,"According to Purchasing Power Parity theory, if inflation in Argentina is 4% and in the U.S. is 12%, eventually the price of the peso relative to the dollar will:",rise by 8%,fall by 8%,rise by 16%,fall by 16%,,A
ECON300,LO4,Q2ECON300LO4:A,"Suppose the yield on a 1-year bond in Singapore is 5%. The current exchange rate for Singapore dollars is PSGD = USD .50 and the 1-year forward rate is PSGD = USD .55. If you send money from the U.S. to Singapore for the one year, your approximate return will be, in U.S. terms,",15%,10%,5%,-10%,,A
ECON300,LO4,Q3ECON300LO4:A,"If the interest rate in the United States is 10 percent and in Japan it is 6 percent, according to the International Fisher Effect, we would expect the value of the dollar to:",Depreciate by 4 percent against the yen.,Appreciate by 4 percent against the yen.,Depreciate by 10 percent against the yen.,Appreciate by 10 percent against the yen.,,A
FINC300,LO1,Q1FINC300LO1:A,Interest earned on both the initial principal and the interest reinvested from prior periods is called:,Compound Interest,Dual interest,Simple interest,Mutual interest,,A
FINC300,LO1,Q2FINC300LO1:A,"What is the present value of $150,000 to be received 10 years from today if the discount rate is 11%?","$52,827.67","$61,147.07","$64,141.41","$69,806.18",,A
FINC300,LO1,Q3FINC300LO1:A,"What is the future value of $6,000 invested for 23 years at 9% interest compounded annually?","$43,547.25","$41,009.13","$38,663.15","$18,420.00",,A
FINC300,LO2,Q1FINC300LO2:B,Mary just purchased a bond which pays $60 a year in interest. What is this $60 called?,Face value,Coupon payment,Discount,Maturity date,,B
FINC300,LO2,Q2FINC300LO2:B,"Bert owns a bond that will pay him $75 each year in interest plus a $1,000 principal payment at maturity. What is the $1,000 called?",Coupon payment,Face value,Discount,Yield to maturity,,B
FINC300,LO2,Q3FINC300LO2:B,"Grand Adventure Properties offers a bond with annual coupon payments of $95. The yield to maturity is 10% and the maturity date is 11 years from today. The face value (par value) of the bond is $1,000. Which of the following would be the correct process to value this bond?",Find the PV of the face value and subtract the PV of the annual coupon payments,Find the PV of the annual coupon payments and add the PV of the face value,Find the PV of the annual coupon payments,Find the PV of the face value,,B
FINC300,LO3,Q1FINC300LO3:C,What are the distributions to shareholders by a corporation called?,Retained earnings,Net income,Dividends,Capital payments,,C
FINC300,LO3,Q2FINC300LO3:C,The underlying assumption of the dividend growth model is that a stock is worth:,The same amount to every investor regardless of their desired rate of return,An amount computed as the next annual dividend divided by the dividend growth rate,The present value of the future cash flows which the stock generates,The same amount as any other stock that pays the same current dividend and has the same required return,,C
FINC300,LO3,Q3FINC300LO3:C,Free Motion Enterprises just paid a $2.00 per share annual dividend (D0=$2.00). Dividends are expected to increase by 3% annually. What is one share of this stock worth to you today if your required return is 12%?,$16.67,$22.22,$22.89,$66.67,,C
FINC300,LO4,Q1FINC300LO4:A,"A project has an initial cost of $27,400 and the present value of its cash inflows is $32,600. What is the difference between these two values called?",Net present value (NPV),Internal rate of return (IRR),Payback period,Profitability index,,A
FINC300,LO4,Q2FINC300LO4:A,Which of the following are definite indicators of an accept decision for an independent project with conventional cash flows?,NPV > 0 and IRR > required return,NPV > 0 and IRR < required return,NPV < 0 and IRR < required return,NPV required return,,A
FINC300,LO4,Q3FINC300LO4:A,Which one of the following is generally considered to be the best form of analysis if you have to select a single method to analyze a variety of investment opportunities?,Net present value (NPV),Internal rate of return (IRR),Payback period,Profitability index,,A
FINC300,LO5,Q1FINC300LO5:D,"_______ is risk that influences a large number of assets, while ________ is risk that affects at most a small number of assets.",Unsystematic risk; total risk,Systematic risk; total risk,Unsystematic risk; systematic risk,Systematic risk; unsystematic risk,,D
FINC300,LO5,Q2FINC300LO5:D,The principle of diversification tells us that:,Concentrating an investment in two or three large stocks will eliminate all of the unsystematic risk,Concentrating an investment in three companies all within the same industry will greatly reduce the systematic risk,Spreading an investment across many diverse assets will eliminate all of the systematic risk,Spreading an investment across many diverse assets will eliminate some of the total risk,,D
FINC300,LO5,Q3FINC300LO5:D,The risk-free rate of return is 3% and the expected return on the market is 8%. What is the expected rate of return on a stock with a beta of 1.5?,16.5%,15.0%,11.0%,10.5%,,D
MGMT200,LO1,Q1MGMT200LO1:B,"Planning, organizing, leading, and controlling are known as:",The four key aspects of leadership,The four essential functions of managers,The four goals of organizational structure,The primary strategic forces,,B
MGMT200,LO1,Q2MGMT200LO1:B,"Which essential function of managers is defined as “arranging tasks, people, and other resources to accomplish the work”?",Planning,Organizing,Controlling,Staffing,,B
MGMT200,LO1,Q3MGMT200LO1:B,Managers are tasked with pursuing organizational goals:,Quickly and effectively,Efficiently and effectively,Flexibly and appropriately,Individually and inexpensively,,B
MGMT200,LO2,Q1MGMT200LO2:D,"In the context of management, planning is best described as:",Telling inspiring stories to employees,Understanding and addressing employee turnover,Developing a mission statement and sending it to all employees,Setting goals and determining how to achieve them,,D
MGMT200,LO2,Q2MGMT200LO2:D,Which of the following is an example of a manager carrying out the planning function?,Elijah uses spreadsheets to analyze last quarter’s sales.,Anya gives an inspiring speech about the importance of the company’s social initiatives to her direct reports,"Jayden meets with her direct report, Donald, to provide feedback about his recent job performance",Imani decides that her salespeople should prioritize selling cell phones over tablets during the next quarter,,D
MGMT200,LO2,Q3MGMT200LO2:D,Which of the following is NOT an example of a manager carrying out the planning function?,George sets specific sales goals for each division for the next quarter,Francesca decides to reallocate staff to focus on an emerging customer segment she believes is a promising growth opportunity for her company,Jacob makes the decision to eliminate a product line that has been underperforming over the last year,"Desiree fires her employee, Ben, because of some unethical actions he has taken",,D
MGMT200,LO3,Q1MGMT200LO3:B,"In the context of management, leading is best described as:","Arranging tasks, people, and other resources to accomplish the organization’s work","Motivating, directing, and otherwise influencing people to work hard to achieve the organization’s goals","Monitoring performance, comparing it with goals, and taking corrective action as needed",Serving as the figurehead of the organization in interactions with customers and the media,,B
MGMT200,LO3,Q2MGMT200LO3:B,Managers who effectively fulfill the leading function successfully motivate employees to:,Pursue their own goals,Pursue the organization’s goals,Change the organization’s goals,Understand competitors’ goals,,B
MGMT200,LO3,Q3MGMT200LO3:B,Which of the following is NOT an example of the leading function of management?,Influencing people to work hard,Setting the organization’s goals,Effectively motivating employees,Directing employees in the completion of their work,,B
MGMT200,LO4,Q1MGMT200LO4:C,"In the context of management, organizing is best described as:",Setting goals and deciding how to achieve them,"Monitoring performance, comparing it with goals, and taking corrective actions as needed","Arranging tasks, people, and other resources to accomplish the organization’s work",Planning specific organizational events,,C
MGMT200,LO4,Q2MGMT200LO4:C,Which of the following is an example of the organizing function of management?,Collecting data and providing feedback on the organization’s performance,Developing the organization’s goals,Creating a structure and environment that allows employees to work together to achieve the organization’s goals,Motivating employees with inspiring stories,,C
MGMT200,LO4,Q3MGMT200LO4:C,Which of the following is NOT an example of the organizing function of management?,Tom puts employees in teams to work on specific projects,Rhonda develops budgets to allocate to the different teams she manages,Harriet gives regular performance feedback to her direct reports,Stefan assigns product management responsibilities to cross functional teams of employees,,C
MGMT200,LO5,Q1MGMT200LO5:D,"In the context of management, controlling is best described as:",Setting goals and deciding how to achieve them,"Arranging tasks, people, and other resources to accomplish the organization’s work",Developing new business lines,"Monitoring performance, comparing it with goals, and taking corrective action as needed",,D
MGMT200,LO5,Q2MGMT200LO5:D,Which of the following is an example of the controlling function of management?,Bob hires several temporary employees in advance of the holiday sales rush.,Maria decides to reorganize the finance and accounting functions to allow for better collaboration,David develops a new line of business,Janelle reviews sales data for the last quarter to determine if the organization hit its goal.,,D
MGMT200,LO5,Q3MGMT200LO5:D,"After reviewing a management report, Lucia realized that raw material costs were 20% higher than expected in the last quarter. Which of the following responses would be consistent with the controlling function of management?",Examining the cause of the higher costs,Looking for alternative suppliers,Asking employees in the procurement function for an explanation,All of these responses would be consistent with the controlling function of management,,D
MKTG300,LO1,Q1MKTG300LO1:C,"AMC Theaters offers customers a package that includes two movie tickets, two small drinks and one small popcorn all priced together at $29.99. This pricing technique is called:",price lining.,two-part pricing.,price bundling.,horizontal pricing.,bait pricing.,C
MKTG300,LO1,Q2MKTG300LO1:C,The marketing mix can be described as the:,multiple strategies that can be used to promote a product.,"uncontrollable factors: social, economic, technological, competitive, and regulatory forces to which the marketing manager must constantly adapt.","marketing manager's controllable factors: product, price, promotion, and place--that can be used to solve marketing problems.",multiple channels of distribution by which a product will ultimately reach the consumer.,set of complementary products that when sold together generate more sales than when sold apart.,C
MKTG300,LO1,Q3MKTG300LO1:C,"When Heinz introduced its ketchup globally, it first had to deal with the fact ketchup is not a household staple outside the United States. Heinz had to show foreign users how ketchup can be used. This is an example of how the ________ portion of the marketing mix often needs to be adjusted when an established product is offered in a new market.",Product,Price,Promotion,Placement,Packaging,C
MKTG300,LO2,Q1MKTG300LO2:A,Which of the following statements best describes the typical target market?,"Target markets change over time as consumers drop in or out of the market, and as tastes change.","A target market will remain stable over time, including the same group of consumers.",Target markets are not strongly affected by changes in the external environment.,Target markets only change when the features and benefits of the product offering change.,"Target markets cannot be specifically defined according to age, income, or location, because these factors are continually changing.",A
MKTG300,LO2,Q2MKTG300LO2:A,The purpose of market segmentation is to:,enable the tailoring of marketing mixes to meet the needs of one or more specific groups,reduce the market down to a size the firm can handle,divide the market into equal size and profit regions for sales territories,"group a large number of markets together, enabling a company to serve them simultaneously",develop a generalized definition of the market as a whole,A
MKTG300,LO2,Q3MKTG300LO2:A,"Crate & Barrel’s target consumer in Manhattan has an annual income of between $120,000 and $250,000 while their target consumer in Cincinnati has an annual income of between $80,000 and $200,000. Which economic factor is influencing Crate & Barrel’s decision to target different income brackets with the same products in different cities?",Purchasing Power,Consumer Elasticity,Inflation,Recession,Deflation,A
MKTG300,LO3,Q1MKTG300LO3:E,"One of the reasons given for Apple’s success in the 21st century is the fact that Apple’s ecosystem of products allows for seamless transitions between Apple devices, a feature that consumers have said is important yet other brands have been unable to replicate. This seamless transition is a major ________ for Apple.",Cash Cow,Star Brand,Innovation,Promotion Strategy,Competitive Advantage,E
MKTG300,LO3,Q2MKTG300LO3:E,"In the last year Kroger has seen an overall jump in sales. However, some managers are concerned because Kroger’s percent of total grocery sales in the US is lower this year than it was last year. These managers are concerned because this means that Kroger’s ________ has shrunk.",strategic edge,revenue,competitive position,marketing strategy,market share,E
MKTG300,LO3,Q3MKTG300LO3:E,"Valerie was asked by her employer to conduct a SWOT analysis of the company. Part of this analysis includes assessing the company’s internal environment, including:",Strengths,Opportunities,Threats,Opportunities and strengths,Strengths and weaknesses,E
MKTG300,LO4,Q1MKTG300LO4:E,"Along with its iMac computer line, Apple markets its iPod, iPhone, and Apple TV products. This is an abbreviated listing of the company’s:",customer mix.,product line.,line depth.,product modification.,product mix.,E
MKTG300,LO4,Q2MKTG300LO4:E,"Over the years Cadillac has become to be thought of as “your grandparent’s car.” The new Cadillac ads show a beautiful young woman driving a Cadillac along with the statement, “When you turn your car on, does it turn you on?” This is an example of marketing designed to help _______Cadillac as a car for today’s younger driver.",diversify,display,develop,expand,reposition,E
MKTG300,LO4,Q3MKTG300LO4:E,"A potential disadvantage of multisegment targeting in which new versions of products are offered to attract new customers (e.g. a budget friendly version of a premium product) is __________, which occurs when sales of a new product cut into sales of a firm’s existing products.",synergy,positioning,demarketing,inelastic demand,cannibalization,E
